split,identity,class_index,filename,relative_path,pixel_sha256,predicted_index,predicted_identity,probability_0,probability_1,probability_2,probability_3,probability_4,probability_5
test,2336,0,164885.jpg,test/2336/164885.jpg,2ab7d4e530e99bfccf08e5defe7d882204d1c1adfde7c5df7dfa21563e64b63e,0,2336,0.9760926,0.0026976517,0.0032227032,0.008830699,0.005639845,0.0035164875
test,2336,0,172736.jpg,test/2336/172736.jpg,a2b4ff3d9945f2d73a36d2d07d1c4a7c8407801e88df19c6aa6f0de33dc0d722,0,2336,0.909419,0.022033308,0.02651021,0.012369937,0.022164682,0.007502964
test,2336,0,173519.jpg,test/2336/173519.jpg,679016a9dcaf05b1c2390ef8c4500824dc0fab1506ce5eef0e5f5b3e7d63ed1b,0,2336,0.7466164,0.017724572,0.0220191,0.17340061,0.010912015,0.02932733
test,2336,0,176926.jpg,test/2336/176926.jpg,e0b9ce8d5f2c34a1f8b297c4fea837e0bfe2b2d235dd8a130a3d84d3c56e38b1,0,2336,0.86091053,0.047721095,0.011649213,0.0431596,0.029010309,0.007549269
test,2619,1,019964.jpg,test/2619/019964.jpg,bbcb20f05fa801d685f51ad50736c30783252cef3ff48c8e9a31fc5e14a6faf4,1,2619,0.0044139065,0.9951315,6.591856e-06,0.0002560096,2.5391306e-05,0.00016654097
test,2619,1,043824.jpg,test/2619/043824.jpg,d2d37979eb8ef07a43aab3742136a71cb1cda0073e196f71867545673d56ff45,1,2619,0.008191,0.9874193,0.00049709994,0.0032512015,0.00018781435,0.00045344245
test,2619,1,061205.jpg,test/2619/061205.jpg,79e9dfe3bee37aa6a82306a05a2864aa298a8d82104a6c81b1078f323febbba1,1,2619,0.1369996,0.8536115,0.00010834361,0.004632857,0.00023165999,0.0044159694
test,2619,1,104026.jpg,test/2619/104026.jpg,8538122b1e0bf6800d6c9e0029f9e169d807ce1e34feeefe9bdc2d879fc7f33a,1,2619,0.012508663,0.72018474,0.0021801468,0.25275618,0.0034986525,0.008871667
test,2970,2,018364.jpg,test/2970/018364.jpg,bef90cf39ab3f8578431cf02305e157c3119491d12ac9de6853cebf6839b3fdf,2,2970,0.0028285566,0.0040173386,0.7868793,0.0024001552,0.1826265,0.021248162
test,2970,2,053704.jpg,test/2970/053704.jpg,e30e412fada665707646a6d8d345edddb8fbba86b927bb5c13981de3c897aa72,2,2970,0.016378611,0.003826759,0.76358724,0.005650203,0.16749117,0.043066062
test,2970,2,056956.jpg,test/2970/056956.jpg,a1d146759ceec29d800682e25ae5a15cf9ae23bec9b4753f5cfe2dc7b8ec69ff,2,2970,0.024005154,0.0022391963,0.6920502,0.01074865,0.26532334,0.005633429
test,2970,2,112624.jpg,test/2970/112624.jpg,afb43053c62aceac0a72a0271e09569f96398117d43312822a161fa737b8e5cd,4,4422,0.022697885,0.0014137552,0.1508753,0.0030730222,0.7959875,0.025952587
test,3,3,003206.jpg,test/3/003206.jpg,69586015670d5dd09c4936cf47b5f96c069094032d7af6c6ac5c5f6b0c44575c,3,3,0.06882524,0.027970847,0.010641912,0.80746424,0.056063548,0.02903424
test,3,3,043469.jpg,test/3/043469.jpg,493dada4ca0d6aaf1ef106d547727da33131695bc085110564f5988482ddd3c6,3,3,0.0043522897,0.004633244,0.0010609076,0.9790495,0.006750672,0.0041534156
test,3,3,045833.jpg,test/3/045833.jpg,70c299cdd4b724cce12f5c2469ecd231c062def7827e0ab742cf10fac77e289c,3,3,9.118879e-05,5.571267e-05,3.33994e-06,0.99919957,2.6165024e-05,0.0006240835
test,3,3,095762.jpg,test/3/095762.jpg,55a70e50302286c1557fd3b350ee089e1448f9b5d124a51f5acfc07478f0c553,3,3,0.0005327597,9.1034985e-05,5.4286164e-07,0.9989165,1.1535445e-06,0.00045798367
test,4422,4,004354.jpg,test/4422/004354.jpg,9f32699c8355ccbe6eb0fda67b9494610062081ae92fc7752f7a6b1637a3e815,4,4422,0.019118821,0.00055195397,0.03605755,0.004549545,0.8911681,0.048554055
test,4422,4,043327.jpg,test/4422/043327.jpg,b19fc24eedeca63a489984ed23271fc2876695d14393a5a56c9c69059fdd81c5,2,2970,0.00971497,0.00044338466,0.63815224,0.00271052,0.3301278,0.018851086
test,4422,4,067800.jpg,test/4422/067800.jpg,77b134d3fe4e4d701c1da074f0bfa64dd1e8922648fdb46f4ea6ff82e0daa3c0,4,4422,0.074882224,0.01053471,0.28957182,0.009923217,0.56841004,0.046677973
test,4422,4,094334.jpg,test/4422/094334.jpg,618a283144484e59b605a55b43cab653ed5d9b4a71f836444f8bcfd4892bd4b1,4,4422,0.0023673722,0.0014776193,0.18924317,0.01636638,0.7878852,0.0026602729
test,797,5,164035.jpg,test/797/164035.jpg,b91a515a7d7c6b9c30c765ff1b2fa3b286f2e480ebaaf608c9b4e2d8a8cfa297,3,3,0.00020879666,0.00015143381,0.027557598,0.474759,0.16943182,0.32789132
test,797,5,169927.jpg,test/797/169927.jpg,fc378a44aa959c96b1c35d7e191b199151606cae86d71c3a86c416e105825b18,5,797,0.003939902,0.00037318448,0.120496206,0.00043030147,0.047081623,0.8276788
test,797,5,170752.jpg,test/797/170752.jpg,be8c7eafbfdbd82b032efaa365ef5b220348b6361855f1965b0ae43d92eb6508,5,797,0.0056852456,0.012747901,0.12934817,0.011910009,0.13679667,0.703512
test,797,5,176673.jpg,test/797/176673.jpg,12e3e9190532853519567708d213b4d051d4ea70a348d2a5cfcf3b4119960b6f,5,797,0.0056182393,0.0010621651,0.11320915,0.0011993935,0.029173706,0.84973735
