model,split,identity,class_index,filename,relative_path,pixel_sha256,predicted_index,predicted_identity,probability_0,probability_1,probability_2,probability_3,probability_4,probability_5
Custom_CNN,test,2619,1,043824.jpg,test/2619/043824.jpg,d2d37979eb8ef07a43aab3742136a71cb1cda0073e196f71867545673d56ff45,0,2336,0.46588898,0.40722892,0.016766774,0.020192415,0.010352925,0.07956999
Custom_CNN,test,2619,1,104026.jpg,test/2619/104026.jpg,8538122b1e0bf6800d6c9e0029f9e169d807ce1e34feeefe9bdc2d879fc7f33a,3,3,0.22050492,0.3008824,0.057293423,0.31720945,0.044545513,0.05956427
Custom_CNN,test,2970,2,018364.jpg,test/2970/018364.jpg,bef90cf39ab3f8578431cf02305e157c3119491d12ac9de6853cebf6839b3fdf,4,4422,0.0005266385,0.0022267816,0.19368634,0.040270466,0.7619243,0.001365435
Custom_CNN,test,2970,2,112624.jpg,test/2970/112624.jpg,afb43053c62aceac0a72a0271e09569f96398117d43312822a161fa737b8e5cd,4,4422,0.0055058016,0.0004994021,0.22916399,0.006540278,0.75770074,0.00058981124
Custom_CNN,test,4422,4,043327.jpg,test/4422/043327.jpg,b19fc24eedeca63a489984ed23271fc2876695d14393a5a56c9c69059fdd81c5,2,2970,0.21770582,0.005616361,0.40364343,0.01030371,0.30570552,0.05702519
Custom_CNN,test,797,5,164035.jpg,test/797/164035.jpg,b91a515a7d7c6b9c30c765ff1b2fa3b286f2e480ebaaf608c9b4e2d8a8cfa297,0,2336,0.694907,0.05199691,0.0003193135,0.24214484,0.00076837617,0.009863564
Custom_CNN,test,797,5,170752.jpg,test/797/170752.jpg,be8c7eafbfdbd82b032efaa365ef5b220348b6361855f1965b0ae43d92eb6508,1,2619,0.13193527,0.3747986,0.07962991,0.16208115,0.06433716,0.18721795
ResNet_Frozen,test,2970,2,112624.jpg,test/2970/112624.jpg,afb43053c62aceac0a72a0271e09569f96398117d43312822a161fa737b8e5cd,4,4422,0.022697885,0.0014137552,0.1508753,0.0030730222,0.7959875,0.025952587
ResNet_Frozen,test,4422,4,043327.jpg,test/4422/043327.jpg,b19fc24eedeca63a489984ed23271fc2876695d14393a5a56c9c69059fdd81c5,2,2970,0.00971497,0.00044338466,0.63815224,0.00271052,0.3301278,0.018851086
ResNet_Frozen,test,797,5,164035.jpg,test/797/164035.jpg,b91a515a7d7c6b9c30c765ff1b2fa3b286f2e480ebaaf608c9b4e2d8a8cfa297,3,3,0.00020879666,0.00015143381,0.027557598,0.474759,0.16943182,0.32789132
ResNet_Finetuned,test,797,5,164035.jpg,test/797/164035.jpg,b91a515a7d7c6b9c30c765ff1b2fa3b286f2e480ebaaf608c9b4e2d8a8cfa297,4,4422,0.00025271208,0.00013808934,0.005731939,0.0043846155,0.9421565,0.04733608
