model,identity,correct,support,accuracy
Custom_CNN,2336,4,4,1.0
Custom_CNN,2619,2,4,0.5
Custom_CNN,2970,2,4,0.5
Custom_CNN,3,4,4,1.0
Custom_CNN,4422,3,4,0.75
Custom_CNN,797,2,4,0.5
ResNet_Frozen,2336,4,4,1.0
ResNet_Frozen,2619,4,4,1.0
ResNet_Frozen,2970,3,4,0.75
ResNet_Frozen,3,4,4,1.0
ResNet_Frozen,4422,3,4,0.75
ResNet_Frozen,797,3,4,0.75
ResNet_Finetuned,2336,4,4,1.0
ResNet_Finetuned,2619,4,4,1.0
ResNet_Finetuned,2970,4,4,1.0
ResNet_Finetuned,3,4,4,1.0
ResNet_Finetuned,4422,4,4,1.0
ResNet_Finetuned,797,3,4,0.75
