split,identity,class_index,filename,relative_path,pixel_sha256
train,2336,0,165685.jpg,train/2336/165685.jpg,379b20d6ec23bee6568d9ea69686d01e6dfe1f9cd96f36722717427049106893
train,2336,0,167141.jpg,train/2336/167141.jpg,33a8e1590a4c26dc82abb967be82afc9ee8040d08f90ebcee83fa3981b478400
train,2336,0,170089.jpg,train/2336/170089.jpg,5b01a311f1ef49e0f2655dfa58c0e233493d5ab0ac137741aa7d64298f3d7513
train,2336,0,170253.jpg,train/2336/170253.jpg,f69511411e53f7ad970bb4506320e923a3c34788057ab349fcaf548b723e8667
train,2336,0,172268.jpg,train/2336/172268.jpg,64abd6b948df122180609c5c123efd30772205a1deefa29c7cff23932ed85a15
train,2336,0,172502.jpg,train/2336/172502.jpg,85ace82bc86e611fb702ad4fd1e573fc69d0cfe6ecfaf30859e475161b0e6eaa
train,2336,0,174476.jpg,train/2336/174476.jpg,a63b3c55d1a1fae9ef7927f3749475cd72f5747b3aa2997d6454e7ecc00a3265
train,2336,0,174818.jpg,train/2336/174818.jpg,26f915c36904dc909e7ea5a5d8026f394841344b95392abc1532e7ea0726cbf5
train,2336,0,176863.jpg,train/2336/176863.jpg,0fa0a2101c05690f388551d5395ccef0d6faa929a1e6d403493ab526130e8520
train,2336,0,176923.jpg,train/2336/176923.jpg,8a0f029c8e02ccca6d06ac5b61a4429b4166dd93474fe41c0e8c114b9b8b559b
train,2336,0,177788.jpg,train/2336/177788.jpg,794fa81a2590debef9d4bacc2af1ac6c6d65521a8638f052502566f68447cacd
train,2336,0,178941.jpg,train/2336/178941.jpg,65435d22c9c3ec03d1b99c4e03e2ed457eb4634227884517ec658e420268cb73
train,2336,0,179058.jpg,train/2336/179058.jpg,c5ff0d0f4b0b051aee3822d6d8b958b44d395a738d9f5dfc09549ec765e6850a
train,2336,0,179829.jpg,train/2336/179829.jpg,ea53a8d3eecccd6b80498276d8b560ac936e1709fe299292bb33a1bcac32e674
train,2336,0,180362.jpg,train/2336/180362.jpg,40924b57db0ec8cf6e728598e2659e679f1ec248cc12cc3b05014321c020e5f7
train,2336,0,180676.jpg,train/2336/180676.jpg,6ba06a6d1d22ca29d5e77cd6761430042dd5c0ac67477bc530556b873cdb3a7e
train,2336,0,181421.jpg,train/2336/181421.jpg,8385ad5911896df04b939d8a95e388a16537fd2ec954be82bb6d9e11c1abafb5
train,2619,1,020483.jpg,train/2619/020483.jpg,46f213f4ef7b8f66c1d5f49cd27d8c80c53f28412204ab7fc15fdf042ad7c7f5
train,2619,1,024006.jpg,train/2619/024006.jpg,a44214a4e6fc437f3563b4645a15439a3037acedfa1bdfff7d195961bd2fc049
train,2619,1,029868.jpg,train/2619/029868.jpg,2f16637ba7d08176b2a46f26a3449517ca737fc771c14ec1ff783173abbebf0b
train,2619,1,030319.jpg,train/2619/030319.jpg,af67ce3b0b4414e9e344a8e0d429e5d85db609f5b75a7efb4691ac848f76a402
train,2619,1,031808.jpg,train/2619/031808.jpg,344267118c0bd8b2db0c70d29496ff7ff944d927f471e2cf267c3c36416ac8ce
train,2619,1,037687.jpg,train/2619/037687.jpg,cf200b1c59cf9a4136da644649d8e25371ab1a7bc8054d10638b1ad1672e371b
train,2619,1,065484.jpg,train/2619/065484.jpg,1a2d686ef8ccda202a91e1de1eef2135dea19968ff624d3d807e1bdc49c40734
train,2619,1,072610.jpg,train/2619/072610.jpg,68ba667ae8805da06e01af3eaa6da270e75d111e25dbd59b8cfda161c70d49cc
train,2619,1,087544.jpg,train/2619/087544.jpg,dbcc2301a77da4762726beb16f740aa04339548ee1cb48d10c22fe82c104a42f
train,2619,1,098037.jpg,train/2619/098037.jpg,2ce4e404918fb8146187fb0ffc13dce9376eb7d6c16e5835cee8158eb25b2af2
train,2619,1,106821.jpg,train/2619/106821.jpg,1838db27ca2706fadec687a31fbf1cfc163bc06d8bd8107252698df66a11c36a
train,2619,1,112824.jpg,train/2619/112824.jpg,57d8469ed333aff34c8300e10c2a7d5979ccc60597aa8121176d8c621ec2a4c3
train,2619,1,119972.jpg,train/2619/119972.jpg,f37d21eb5ccc39cb5c52f3cb886d7a20fc1dbd7c1df7a38d8ed696cffeb21a05
train,2619,1,133260.jpg,train/2619/133260.jpg,357b313da3699e88a272dcf2f7bea7eb190c57babc8f72631bf6d0998c718379
train,2619,1,139125.jpg,train/2619/139125.jpg,7b2588bb28af7b151fe067e97a2347c206efa7efefd273bd81e39d2ed56d6f13
train,2619,1,150851.jpg,train/2619/150851.jpg,efc5f4ef7857593617678d0b6adb8a23d563c018b8dde1d25d93c8f5241c3410
train,2619,1,161029.jpg,train/2619/161029.jpg,55f875b3b7ab2c18f13fdf596b55409dd36b34a958741139111482adab6eb672
train,2970,2,023824.jpg,train/2970/023824.jpg,ab10131f03fa554ccfd0e94c48324cb560ea3497abd48541205ae4c44b08b345
train,2970,2,037013.jpg,train/2970/037013.jpg,71712cd0c5c10683df7cd1ae4836738879492cf6f08b4483a2542c3d78db951d
train,2970,2,037362.jpg,train/2970/037362.jpg,fbb03a15c06bc70ac795868ec05029627f57f6242507c9b08d0fe4c34cc7e621
train,2970,2,040067.jpg,train/2970/040067.jpg,42a1eeecaf32ccfd1f575a29970c1514d97cee0ccf124539ab90c5e8cc21e946
train,2970,2,050785.jpg,train/2970/050785.jpg,58ce71b972ead6dbd97515556deb9ac1da151ef56074d32c295d302ae9ec6d24
train,2970,2,053583.jpg,train/2970/053583.jpg,1d7aab5aa137d02b6fa6cbb58d1e4346ea2b58c78cf384dae69426dcd2abc2a0
train,2970,2,059300.jpg,train/2970/059300.jpg,e9737783bfc00821263ea5dee1fe8b4eb265edb58ae32e513d5bba65635397b1
train,2970,2,079293.jpg,train/2970/079293.jpg,8632898d4bab69c970d18394abe86083adb2ceb277df2996f8ab7d788922269b
train,2970,2,088573.jpg,train/2970/088573.jpg,c0dc4c4f710c4cf550bef49df7fea8086fe7bc8ae08ec2a84e055c974874f1f5
train,2970,2,096579.jpg,train/2970/096579.jpg,f4227c7de7a88b7e35f233a17b886f7b6ce808c3ffdeb7d16f4e21904b58219c
train,2970,2,115873.jpg,train/2970/115873.jpg,ae726d5426f75d0dd78c1f614618188758d42a66261fc289ce3068658e40537a
train,2970,2,115896.jpg,train/2970/115896.jpg,a5e21ed1fb073830ab04a8afa8588f9032919a9588b3adf71c99cf51b19f19f5
train,2970,2,126467.jpg,train/2970/126467.jpg,6efd542f4a1759932ebd9c2d1f70106e704b3827dfa7288618868ba23947e767
train,2970,2,134512.jpg,train/2970/134512.jpg,8f637097432c8b5de21c951d724f0524d277282a185f7ace62134d43bf71cca7
train,2970,2,136196.jpg,train/2970/136196.jpg,4522df84ced08cf391e3b476a8dd85b7efe49dcbe4e6d42df9fd6d10e54a9eda
train,2970,2,140037.jpg,train/2970/140037.jpg,54abf3e25c292398584b8059dccf872d613eaa3bbf3bb26af36243aaa57e1256
train,2970,2,155764.jpg,train/2970/155764.jpg,ebad5c327ef3c2d635d0930f6d58272986f43d4f7929231a1cfbe3341a69766b
train,3,3,008838.jpg,train/3/008838.jpg,1696ab816808f812a23c0a3f61421649d985f2220bf22fe3a57eb9b7bd2965a5
train,3,3,016811.jpg,train/3/016811.jpg,247bb8c580c64aa793a4d8d0de9fe80488bf55d41ccfa76491212790fdb8ea21
train,3,3,016933.jpg,train/3/016933.jpg,890537655580d9de00cc64814da309115e0fd81b5e6fcd85668bfca14f3f5d8b
train,3,3,021233.jpg,train/3/021233.jpg,00f7f1f2a848fcf889c3e09e9f36a7940fb3a8bf7bf6b2a9b754a098f1be13a5
train,3,3,024085.jpg,train/3/024085.jpg,61a114973c1f33b6d103e69b90f7146c4f9b710cbccac2afcb4bb23bae7f28a2
train,3,3,034630.jpg,train/3/034630.jpg,fdfea30140ce915191e2be857deaa7dd4f95319dfd4d4111bb294b9920725fc0
train,3,3,047009.jpg,train/3/047009.jpg,9aa25b079cdfd5e331fee63bf9cd47073593e713e4cfc75d5c7cc3d84867e483
train,3,3,067332.jpg,train/3/067332.jpg,660c68b08af5a67f3d1449196ddfb07d7f71fdf3dd0b1b105efe9a3e09bbbbac
train,3,3,079834.jpg,train/3/079834.jpg,6e7d04bb3ec20354a263dc2ed21635e8c8a9d1d7cceced3f223836e6987113cb
train,3,3,093256.jpg,train/3/093256.jpg,7d894aba9ece5bd43637d3f27898cd7aa85131da1a041b9d25e8f8747c049fab
train,3,3,110393.jpg,train/3/110393.jpg,204ce0585206bc81b972c5c3236a6149b2b472862cc285f77b4682374b8062d7
train,3,3,113790.jpg,train/3/113790.jpg,4e21c288450e522af3c8d60ac4cf7cfb2c26576cc8bfb2a3b8841852b0425427
train,3,3,121749.jpg,train/3/121749.jpg,ad8aa18818d7e1d2c432b3da75fff72bbafc0283ddacd27ca69ed446a5324fe5
train,3,3,122082.jpg,train/3/122082.jpg,6315e6c4aa7947c0a4645c632329a0c06b384d70c626571f4b1837b4d329a1ed
train,3,3,128412.jpg,train/3/128412.jpg,594f68f68a45826805fb6f2859741fae813a76cacbd9ad4e92d641a7f6c33d6f
train,3,3,135808.jpg,train/3/135808.jpg,460c6c38d1bf66e9dfa640d0f93eb2c21bed6c088b057c74e90c5703c5b9814c
train,3,3,161022.jpg,train/3/161022.jpg,f2acb39ef47f50c1cbfda2f74dd5eaf3fc362071902c615c8e6bf6ff0fe5a601
train,4422,4,014356.jpg,train/4422/014356.jpg,2fd201f92d5ea1df746c219757d255b0ea8f51e9b745cb051a2479d2b831d519
train,4422,4,027448.jpg,train/4422/027448.jpg,94ffcdf6cefa27f82005f6047dd2d79ef285e8829af0481b3300a3526b4d3de2
train,4422,4,031675.jpg,train/4422/031675.jpg,0c0020297afe3ab9991b9824c7366a3a99519cf1c8610bd2d21cf0d216ec5fad
train,4422,4,034517.jpg,train/4422/034517.jpg,933929bc8472b68a695f19143190ae18fa8415a249eab9348e4721d92491d20b
train,4422,4,035594.jpg,train/4422/035594.jpg,1c2255784811f0cd5ffa88078fd21e9ffe45630f218c3c546d54289da2fedaf4
train,4422,4,041625.jpg,train/4422/041625.jpg,bd319367a3f0b4d0dcbfa270afc285d8a9b587f968733ccf68e2d09e0fef3b34
train,4422,4,073704.jpg,train/4422/073704.jpg,fc6f0e0ed3679b1d8a274c1fb37e539ee235d62bd9c4a61d7c12d113995b9ea1
train,4422,4,079954.jpg,train/4422/079954.jpg,49920ebf34febda945d4dae0558be14e342bb05bcf133e5ae93455a729135054
train,4422,4,084180.jpg,train/4422/084180.jpg,d717a5c5e8c30e826e1fab9a5e188254a8c5124df2b0d4b92d41bfebcb4fd389
train,4422,4,091150.jpg,train/4422/091150.jpg,80cc0263f73b0a451717a7b588041ba65259cb2d6a1f186f82fec5fcd543adc1
train,4422,4,117179.jpg,train/4422/117179.jpg,f6206b7e38636f2ca95e1236a03afd634be05549646974dfc2ed9a52181fbeca
train,4422,4,122740.jpg,train/4422/122740.jpg,5f4b02859afa0d01ad6226f70fe440c6b2d03748374df8c9a6279d1f3b9fd027
train,4422,4,130946.jpg,train/4422/130946.jpg,a2d18f4c5d994dd5541be49a94dbf196fce0e054d3d89c93e7083df2a1878858
train,4422,4,131882.jpg,train/4422/131882.jpg,a73d27a1da1a91b579272251a3437de92b34826bddd3bb258f68651d15cd3ef4
train,4422,4,137002.jpg,train/4422/137002.jpg,1b73b5d7fc194c3149e534b5e5f94fac7ada0e202c911a680bb65dbbfcf046ff
train,4422,4,141341.jpg,train/4422/141341.jpg,ac0897970ae422ef56d909e26d6e9b4fbce118b82444e96418f06fd3c6107d2d
train,4422,4,150344.jpg,train/4422/150344.jpg,64d8175ffdcaa5af3fbd63d1710025da5d0fc728dea60aa1676f1c048cc554ae
train,797,5,164872.jpg,train/797/164872.jpg,201c0b993dbc3ae37edd39a03acc948b12381be0b3cd75e9951896377cc0eaf1
train,797,5,165865.jpg,train/797/165865.jpg,039848f484489377eca9db70cccb19dca1d42ec25e662c333caa13aae116c616
train,797,5,167868.jpg,train/797/167868.jpg,d641401489776d139f76a8f4996d92468fe87b64fbead3ec8a4c00a5a0b8e521
train,797,5,168369.jpg,train/797/168369.jpg,60fb1a9883f7450d4b40e95b33cec4e946a9e434fabfef7ca55e6e2488af2c64
train,797,5,168801.jpg,train/797/168801.jpg,5f5f37e0080bd80a082589022ee7149c0f57df4b245e9538c130818bcc45c1b5
train,797,5,169205.jpg,train/797/169205.jpg,52cd7c886cd440b458baec4bc3bfef41a960155e0fccdb139be7dc0d2d1f9f36
train,797,5,171101.jpg,train/797/171101.jpg,9daa22711cb431e01b2ed1cec1a3a947b47866ed7cf7b9871fd2c8d0db1c5d94
train,797,5,172544.jpg,train/797/172544.jpg,1ea5fc06ff5348a73a41d1e7c31399c6bbdd39cc1bb2bd960384916a6ad46b0a
train,797,5,174111.jpg,train/797/174111.jpg,215766caef119a3d34cef21ad9662ea5ebfbaa3242a8e1c2d75aec9ea19d27b3
train,797,5,176077.jpg,train/797/176077.jpg,0e47a0c463c32236b32de38c39d03b8077ac44d353acb0b99aae7e615d6771db
train,797,5,179428.jpg,train/797/179428.jpg,9fc492692e29198636b74e84d0bb70cd08f9d40590f73dd7882f2c644c3b0744
train,797,5,179429.jpg,train/797/179429.jpg,39d56c2bf73c964b08ac378535943d1396a5144c1c3c36fddfbd34c3dc3fceda
train,797,5,179493.jpg,train/797/179493.jpg,a86a995b80e4fc521e41518c06d3e9078318001ca2eb15f043412115b7f64706
train,797,5,179913.jpg,train/797/179913.jpg,dcffc79343653188c84b4266d4c0162664be15006aaea593a3c9ca2173118a97
train,797,5,181093.jpg,train/797/181093.jpg,70b7334d74cab99cf4facbb78b3505bcc36d5fdab18c133fc3616ac95fc8b30d
train,797,5,181393.jpg,train/797/181393.jpg,36c738285dac75c0f63f91f004a0e585bfc4f079ff983aa85c656877ff34798f
train,797,5,182522.jpg,train/797/182522.jpg,c48f7552a1a6d927fbe7de3b4c3ed591f3c553aea7ae199c863ea6736f7117cd
val,2336,0,164485.jpg,val/2336/164485.jpg,07d79aab901c548d506034b933c5869052da8e7fc77e54eaa9ffd5805da44068
val,2336,0,174486.jpg,val/2336/174486.jpg,0b9c38be644d99bb807909c8936dddc8b18dddafcc688b442aa5c710e410b48b
val,2336,0,175969.jpg,val/2336/175969.jpg,142185a51acf31413ef244ee3c0d87d11b3a7f39742ceb06be61e3c108cc67d2
val,2336,0,180987.jpg,val/2336/180987.jpg,0d14c9b868477b9b11967c957772ca121e20d28217deae9753da1ada1be647df
val,2619,1,013521.jpg,val/2619/013521.jpg,65e1d262a4c93ff5f0dc7644bc5f8dadc12a9ff1c8471ed823a9733e62a628ee
val,2619,1,071983.jpg,val/2619/071983.jpg,6c1a2e4df90bf85bb5ced2215164ea3688f8f1c66b0f79374aff8412e339ba55
val,2619,1,077828.jpg,val/2619/077828.jpg,c9059b3d0636bf0fe599ed305575a34feefbe126f53d4e7e4b5a4baf943e0a69
val,2619,1,153337.jpg,val/2619/153337.jpg,3592480b90a0bdc907f1f636af1e5df1caed252c6c8d9f90c7def9dcfbc14321
val,2970,2,014435.jpg,val/2970/014435.jpg,a4439e9fc0223f78bf914f5524fc03a2fb00f31a9e3969077146c57482c4f95b
val,2970,2,066991.jpg,val/2970/066991.jpg,55ea4addce9b64a580684435aed5337709ec07f5431056b287ed89461cf03caf
val,2970,2,085698.jpg,val/2970/085698.jpg,dbdb8a1141a9a25aff7876b0fc10cabe0f450d6c0f9f00b8bc176e07f20456ff
val,2970,2,143208.jpg,val/2970/143208.jpg,9e886ebccbe12af10ce0b9345ea669e3ad740b3c73a26115b1519eb12cc87e30
val,3,3,003029.jpg,val/3/003029.jpg,3d196b3f6d22d8e6927726c2474d531c1dbb343e4061216ea1078531ba09da3e
val,3,3,047989.jpg,val/3/047989.jpg,9e387da579230b2e454c36d0638fa04aa68d92f975a1398725019215f33dfb0d
val,3,3,072785.jpg,val/3/072785.jpg,817c0cde97d652e2799241ad4ab62e305c3e06820808c85c94a3a1c26c37f932
val,3,3,147878.jpg,val/3/147878.jpg,c33a4d4cc43d98730f0649ada3e5bb3f9720915571fbcc35eb2c8144e5f59bbe
val,4422,4,000175.jpg,val/4422/000175.jpg,accd61950068ab13556b557c450848852220952c8d3f897a4e2cbe91acdb7c04
val,4422,4,073849.jpg,val/4422/073849.jpg,53fcb2fd6bc5266fb69ee415142c308f21951a82c9cd1da69b6ce3a65c79d67a
val,4422,4,081031.jpg,val/4422/081031.jpg,f0b63389a1cbfe804b2316581a868fd7a59bf3dc00c4c82d52c05755b1eef317
val,4422,4,143189.jpg,val/4422/143189.jpg,fe0ce4922223f32c3cb7ea1d8e1f89ee3b48f861e8f16bfb4cfcfa18122797e6
val,797,5,162875.jpg,val/797/162875.jpg,4bb6981fd81bdc3acf4abcc1134dd2846449f9c1b9b7da1c0951a1f7dc7bb5f9
val,797,5,171166.jpg,val/797/171166.jpg,8b5ef3756a74c839b2a6237acbb0c3b022b17a12677f9271ddcf56e7342fe318
val,797,5,172881.jpg,val/797/172881.jpg,39625591aecb261b968983f216832511398b98502893a8a5522e3a54fb6e191f
val,797,5,182078.jpg,val/797/182078.jpg,d4b8131cb272d09d332e890ca2ec2c9d6342fc93191146d5d39935fcceeb590b
test,2336,0,164885.jpg,test/2336/164885.jpg,2ab7d4e530e99bfccf08e5defe7d882204d1c1adfde7c5df7dfa21563e64b63e
test,2336,0,172736.jpg,test/2336/172736.jpg,a2b4ff3d9945f2d73a36d2d07d1c4a7c8407801e88df19c6aa6f0de33dc0d722
test,2336,0,173519.jpg,test/2336/173519.jpg,679016a9dcaf05b1c2390ef8c4500824dc0fab1506ce5eef0e5f5b3e7d63ed1b
test,2336,0,176926.jpg,test/2336/176926.jpg,e0b9ce8d5f2c34a1f8b297c4fea837e0bfe2b2d235dd8a130a3d84d3c56e38b1
test,2619,1,019964.jpg,test/2619/019964.jpg,bbcb20f05fa801d685f51ad50736c30783252cef3ff48c8e9a31fc5e14a6faf4
test,2619,1,043824.jpg,test/2619/043824.jpg,d2d37979eb8ef07a43aab3742136a71cb1cda0073e196f71867545673d56ff45
test,2619,1,061205.jpg,test/2619/061205.jpg,79e9dfe3bee37aa6a82306a05a2864aa298a8d82104a6c81b1078f323febbba1
test,2619,1,104026.jpg,test/2619/104026.jpg,8538122b1e0bf6800d6c9e0029f9e169d807ce1e34feeefe9bdc2d879fc7f33a
test,2970,2,018364.jpg,test/2970/018364.jpg,bef90cf39ab3f8578431cf02305e157c3119491d12ac9de6853cebf6839b3fdf
test,2970,2,053704.jpg,test/2970/053704.jpg,e30e412fada665707646a6d8d345edddb8fbba86b927bb5c13981de3c897aa72
test,2970,2,056956.jpg,test/2970/056956.jpg,a1d146759ceec29d800682e25ae5a15cf9ae23bec9b4753f5cfe2dc7b8ec69ff
test,2970,2,112624.jpg,test/2970/112624.jpg,afb43053c62aceac0a72a0271e09569f96398117d43312822a161fa737b8e5cd
test,3,3,003206.jpg,test/3/003206.jpg,69586015670d5dd09c4936cf47b5f96c069094032d7af6c6ac5c5f6b0c44575c
test,3,3,043469.jpg,test/3/043469.jpg,493dada4ca0d6aaf1ef106d547727da33131695bc085110564f5988482ddd3c6
test,3,3,045833.jpg,test/3/045833.jpg,70c299cdd4b724cce12f5c2469ecd231c062def7827e0ab742cf10fac77e289c
test,3,3,095762.jpg,test/3/095762.jpg,55a70e50302286c1557fd3b350ee089e1448f9b5d124a51f5acfc07478f0c553
test,4422,4,004354.jpg,test/4422/004354.jpg,9f32699c8355ccbe6eb0fda67b9494610062081ae92fc7752f7a6b1637a3e815
test,4422,4,043327.jpg,test/4422/043327.jpg,b19fc24eedeca63a489984ed23271fc2876695d14393a5a56c9c69059fdd81c5
test,4422,4,067800.jpg,test/4422/067800.jpg,77b134d3fe4e4d701c1da074f0bfa64dd1e8922648fdb46f4ea6ff82e0daa3c0
test,4422,4,094334.jpg,test/4422/094334.jpg,618a283144484e59b605a55b43cab653ed5d9b4a71f836444f8bcfd4892bd4b1
test,797,5,164035.jpg,test/797/164035.jpg,b91a515a7d7c6b9c30c765ff1b2fa3b286f2e480ebaaf608c9b4e2d8a8cfa297
test,797,5,169927.jpg,test/797/169927.jpg,fc378a44aa959c96b1c35d7e191b199151606cae86d71c3a86c416e105825b18
test,797,5,170752.jpg,test/797/170752.jpg,be8c7eafbfdbd82b032efaa365ef5b220348b6361855f1965b0ae43d92eb6508
test,797,5,176673.jpg,test/797/176673.jpg,12e3e9190532853519567708d213b4d051d4ea70a348d2a5cfcf3b4119960b6f
